{
  "project_info": {
    "project_number": "558929195637",
    "project_id": "kotlinappmoviesproject",
    "storage_bucket": "kotlinappmoviesproject.appspot.com"
  },
  "client": [
    {
      "client_info": {
        "mobilesdk_app_id": "1:558929195637:android:fba06c7a527d488c8e7e3c",
        "android_client_info": {
          "package_name": "com.example.kotlinfinalprojmoviesapp"
        }
      },
      "oauth_client": [
        {
          "client_id": "558929195637-73ojmtrrntr2kk43qhnotgs7rtgta3p7.apps.googleusercontent.com",
          "client_type": 3
        }
      ],
      "api_key": [
        {
          "current_key": "AIzaSyDFlxYrGzBx4mxHaGJWogv3fto3qrHgXgI"
        }
      ],
      "services": {
        "appinvite_service": {
          "other_platform_oauth_client": [
            {
              "client_id": "558929195637-73ojmtrrntr2kk43qhnotgs7rtgta3p7.apps.googleusercontent.com",
              "client_type": 3
            }
          ]
        }
      }
    }
  ],
  "configuration_version": "1"
}